{
  "weights": [
    3.795328217389988,
    -1.603726436012751,
    -1.90935919066947,
    0.0
  ],
  "n_samples": 184,
  "features": [
    "bias",
    "util",
    "has_boxed",
    "avg_neg_logp"
  ]
}