{
  "meta": {
    "timestamp_utc": "20260228_163736",
    "rows_csv": "methods/01_adathink/results/learned_controller_rows_lam0p15_20260228_163626.csv",
    "compare_budget": 256,
    "lambda_cost": 0.15,
    "norm_tokens": 512.0,
    "n_bootstrap": 10000,
    "bootstrap_seed": 20260228,
    "n_samples": 920
  },
  "learned_mean": {
    "accuracy": 0.5695652173913044,
    "avg_tokens": 242.6695652173913,
    "avg_utility": 0.4984706182065218
  },
  "fixed_mean": {
    "accuracy": 0.46195652173913043,
    "avg_tokens": 286.295652173913,
    "avg_utility": 0.37808084239130435
  },
  "paired_delta_learned_minus_fixed": {
    "accuracy": {
      "mean": 0.10760869565217392,
      "ci95": [
        0.075,
        0.14130434782608695
      ]
    },
    "avg_tokens": {
      "mean": -43.62608695652174,
      "ci95": [
        -52.38804347826087,
        -34.34130434782609
      ]
    },
    "avg_utility": {
      "mean": 0.12038977581521738,
      "ci95": [
        0.08769839079483618,
        0.15348866338315018
      ]
    }
  }
}