{
  "meta": {
    "timestamp_utc": "20260320_165336",
    "input_csvs": [
      "/workspace/nips-adathink/results/per_sample_math500_Qwen3_8B_20260320_051511.csv",
      "/workspace/nips-adathink/results/per_sample_math500_Qwen3_8B_20260320_053533.csv",
      "/workspace/nips-adathink/results/per_sample_math500_Qwen3_8B_20260320_053824.csv",
      "/workspace/nips-adathink/results/per_sample_math500_Qwen3_8B_20260320_053951.csv",
      "/workspace/nips-adathink/results/per_sample_math500_Qwen3_8B_20260320_054123.csv",
      "/workspace/nips-adathink/results/per_sample_math500_Qwen3_8B_20260320_054253.csv",
      "/workspace/nips-adathink/results/per_sample_math500_Qwen3_8B_20260320_054423.csv",
      "/workspace/nips-adathink/results/per_sample_math500_Qwen3_8B_20260320_054553.csv",
      "/workspace/nips-adathink/results/per_sample_math500_Qwen3_8B_20260320_054727.csv"
    ],
    "n_samples": 360,
    "budgets": [
      512,
      1024,
      2048
    ],
    "n_bootstrap": 10000,
    "bootstrap_seed": 20260228,
    "alpha": 0.05
  },
  "means": {
    "fixed_512": {
      "accuracy": 0.005555555555555556,
      "avg_tokens": 519.1111111111111
    },
    "fixed_1024": {
      "accuracy": 0.08611111111111111,
      "avg_tokens": 1030.0027777777777
    },
    "fixed_2048": {
      "accuracy": 0.4361111111111111,
      "avg_tokens": 1972.0777777777778
    },
    "adaptive": {
      "accuracy": 0.425,
      "avg_tokens": 1967.9611111111112
    }
  },
  "paired_delta": {
    "fixed1024_minus_fixed2048": {
      "accuracy_mean": -0.35,
      "accuracy_ci95": [
        -0.4,
        -0.3
      ],
      "avg_tokens_mean": -942.075,
      "avg_tokens_ci95": [
        -961.625,
        -921.2722222222222
      ]
    },
    "adaptive_minus_fixed1024": {
      "accuracy_mean": 0.3388888888888889,
      "accuracy_ci95": [
        0.28888888888888886,
        0.3888888888888889
      ],
      "avg_tokens_mean": 937.9583333333334,
      "avg_tokens_ci95": [
        913.8916666666667,
        959.2277777777778
      ]
    }
  }
}