{
  "meta": {
    "timestamp_utc": "20260303_124618",
    "rows_csv": "methods/01_adathink/results/param_controller_rows_qwen3_8b_think_lamtrain0p60_t128_gridB_20260303.csv",
    "compare_budget": 256,
    "lambda_cost": 0.15,
    "norm_tokens": 512.0,
    "n_bootstrap": 10000,
    "bootstrap_seed": 20260303,
    "n_samples": 120
  },
  "learned_mean": {
    "accuracy": 0.6666666666666666,
    "avg_tokens": 328.6,
    "avg_utility": 0.5703971354166666
  },
  "fixed_mean": {
    "accuracy": 0.6083333333333333,
    "avg_tokens": 272.05,
    "avg_utility": 0.5286311848958333
  },
  "paired_delta_learned_minus_fixed": {
    "accuracy": {
      "mean": 0.058333333333333334,
      "ci95": [
        -0.008333333333333333,
        0.125
      ]
    },
    "avg_tokens": {
      "mean": 56.55,
      "ci95": [
        37.275,
        76.66666666666667
      ]
    },
    "avg_utility": {
      "mean": 0.04176595052083334,
      "ci95": [
        -0.02240559895833333,
        0.10654296875000004
      ]
    }
  }
}