{
  "meta": {
    "timestamp_utc": "20260228_163431",
    "rows_csv": "methods/01_adathink/results/param_controller_rows_lam0p15_20260228_23seed_quick.csv",
    "compare_budget": 256,
    "lambda_cost": 0.15,
    "norm_tokens": 512.0,
    "n_bootstrap": 10000,
    "bootstrap_seed": 20260228,
    "n_samples": 920
  },
  "learned_mean": {
    "accuracy": 0.5739130434782609,
    "avg_tokens": 411.3467391304348,
    "avg_utility": 0.4534013034986413
  },
  "fixed_mean": {
    "accuracy": 0.46195652173913043,
    "avg_tokens": 286.295652173913,
    "avg_utility": 0.37808084239130435
  },
  "paired_delta_learned_minus_fixed": {
    "accuracy": {
      "mean": 0.11195652173913044,
      "ci95": [
        0.08478260869565217,
        0.14021739130434782
      ]
    },
    "avg_tokens": {
      "mean": 125.05108695652174,
      "ci95": [
        116.94021739130434,
        133.3836956521739
      ]
    },
    "avg_utility": {
      "mean": 0.07532046110733695,
      "ci95": [
        0.0474818486752715,
        0.10304549507472757
      ]
    }
  }
}