{
  "meta": {
    "timestamp_utc": "20260303_121617",
    "rows_csv": "methods/01_adathink/results/param_controller_rows_qwen3_8b_think_lamtrain0p60_t256_gridB_20260303.csv",
    "compare_budget": 256,
    "lambda_cost": 0.15,
    "norm_tokens": 512.0,
    "n_bootstrap": 10000,
    "bootstrap_seed": 20260303,
    "n_samples": 120
  },
  "learned_mean": {
    "accuracy": 0.6,
    "avg_tokens": 285.9,
    "avg_utility": 0.516240234375
  },
  "fixed_mean": {
    "accuracy": 0.6083333333333333,
    "avg_tokens": 272.05,
    "avg_utility": 0.5286311848958333
  },
  "paired_delta_learned_minus_fixed": {
    "accuracy": {
      "mean": -0.008333333333333333,
      "ci95": [
        -0.06666666666666667,
        0.05
      ]
    },
    "avg_tokens": {
      "mean": 13.85,
      "ci95": [
        -2.591666666666667,
        30.783333333333335
      ]
    },
    "avg_utility": {
      "mean": -0.012390950520833329,
      "ci95": [
        -0.06943277994791666,
        0.04376464843750001
      ]
    }
  }
}