{
  "meta": {
    "timestamp_utc": "20260303_115946",
    "rows_csv": "methods/01_adathink/results/param_controller_rows_qwen3_8b_think_gridCplus_20260303_lamtrain0p6_t256.csv",
    "compare_budget": 256,
    "lambda_cost": 0.15,
    "norm_tokens": 512.0,
    "n_bootstrap": 10000,
    "bootstrap_seed": 20260303,
    "n_samples": 120
  },
  "learned_mean": {
    "accuracy": 0.7,
    "avg_tokens": 367.46666666666664,
    "avg_utility": 0.59234375
  },
  "fixed_mean": {
    "accuracy": 0.6083333333333333,
    "avg_tokens": 272.05,
    "avg_utility": 0.5286311848958333
  },
  "paired_delta_learned_minus_fixed": {
    "accuracy": {
      "mean": 0.09166666666666666,
      "ci95": [
        0.025,
        0.15833333333333333
      ]
    },
    "avg_tokens": {
      "mean": 95.41666666666667,
      "ci95": [
        76.16666666666667,
        115.70833333333333
      ]
    },
    "avg_utility": {
      "mean": 0.06371256510416666,
      "ci95": [
        -0.0030493164062499974,
        0.1335066731770834
      ]
    }
  }
}