{
  "meta": {
    "timestamp_utc": "20260320_165350",
    "rows_csv": "/workspace/nips-adathink/results/param_controller_rows_math500_27b_20260320_160051.csv",
    "compare_budget": 4096,
    "lambda_cost": 0.15,
    "norm_tokens": 8192.0,
    "n_bootstrap": 10000,
    "bootstrap_seed": 20260228,
    "n_samples": 680
  },
  "learned_mean": {
    "accuracy": 0.525,
    "avg_tokens": 5516.233823529412,
    "avg_utility": 0.4239947420008048
  },
  "fixed_mean": {
    "accuracy": 0.37058823529411766,
    "avg_tokens": 3570.3617647058823,
    "avg_utility": 0.3052129588407643
  },
  "paired_delta_learned_minus_fixed": {
    "accuracy": {
      "mean": 0.15441176470588236,
      "ci95": [
        0.12205882352941176,
        0.18823529411764706
      ]
    },
    "avg_tokens": {
      "mean": 1945.8720588235294,
      "ci95": [
        1797.0955882352941,
        2100.039705882353
      ]
    },
    "avg_utility": {
      "mean": 0.11878178316004091,
      "ci95": [
        0.08579687679515137,
        0.1523233750287219
      ]
    }
  }
}