{
  "meta": {
    "input_csvs": [
      "methods/01_adathink/results/per_sample_Qwen3.5_27B_20260227_150649.csv",
      "methods/01_adathink/results/per_sample_Qwen3.5_27B_20260227_152431.csv",
      "methods/01_adathink/results/per_sample_Qwen3.5_27B_20260227_154356.csv",
      "methods/01_adathink/results/per_sample_Qwen3.5_27B_20260227_192225.csv",
      "methods/01_adathink/results/per_sample_Qwen3.5_27B_20260228_050913.csv",
      "methods/01_adathink/results/per_sample_Qwen3.5_27B_20260228_052641.csv",
      "methods/01_adathink/results/per_sample_Qwen3.5_27B_20260228_055128.csv",
      "methods/01_adathink/results/per_sample_Qwen3.5_27B_20260228_060842.csv"
    ],
    "n_samples": 320
  },
  "means": {
    "fixed_128": {
      "accuracy": 0.325,
      "avg_tokens": 158.49375
    },
    "fixed_256": {
      "accuracy": 0.459375,
      "avg_tokens": 286.640625
    },
    "fixed_512": {
      "accuracy": 0.471875,
      "avg_tokens": 542.521875
    },
    "adaptive": {
      "accuracy": 0.51875,
      "avg_tokens": 542.2125
    }
  },
  "paired_delta": {
    "fixed256_minus_fixed512": {
      "accuracy_mean": -0.0125,
      "accuracy_ci95": [
        -0.09375,
        0.065625
      ],
      "avg_tokens_mean": -255.88125,
      "avg_tokens_ci95": [
        -256.75,
        -254.99375
      ]
    },
    "adaptive_minus_fixed256": {
      "accuracy_mean": 0.059375,
      "accuracy_ci95": [
        -0.01875,
        0.1375
      ],
      "avg_tokens_mean": 255.571875,
      "avg_tokens_ci95": [
        254.75,
        256.390625
      ]
    }
  }
}