{
  "meta": {
    "timestamp_utc": "20260228_112247",
    "input_csvs": [
      "methods/01_adathink/results/per_sample_Qwen3.5_27B_20260227_150649.csv",
      "methods/01_adathink/results/per_sample_Qwen3.5_27B_20260227_152431.csv",
      "methods/01_adathink/results/per_sample_Qwen3.5_27B_20260227_154356.csv",
      "methods/01_adathink/results/per_sample_Qwen3.5_27B_20260227_192225.csv",
      "methods/01_adathink/results/per_sample_Qwen3.5_27B_20260228_050913.csv",
      "methods/01_adathink/results/per_sample_Qwen3.5_27B_20260228_052641.csv",
      "methods/01_adathink/results/per_sample_Qwen3.5_27B_20260228_055128.csv",
      "methods/01_adathink/results/per_sample_Qwen3.5_27B_20260228_060842.csv",
      "methods/01_adathink/results/per_sample_Qwen3.5_27B_20260228_065843.csv",
      "methods/01_adathink/results/per_sample_Qwen3.5_27B_20260228_071554.csv",
      "methods/01_adathink/results/per_sample_Qwen3.5_27B_20260228_081708.csv",
      "methods/01_adathink/results/per_sample_Qwen3.5_27B_20260228_083415.csv",
      "methods/01_adathink/results/per_sample_Qwen3.5_27B_20260228_100413.csv",
      "methods/01_adathink/results/per_sample_Qwen3.5_27B_20260228_102125.csv",
      "methods/01_adathink/results/per_sample_Qwen3.5_27B_20260228_104506.csv",
      "methods/01_adathink/results/per_sample_Qwen3.5_27B_20260228_112037.csv"
    ],
    "n_samples": 640,
    "n_bootstrap": 10000,
    "bootstrap_seed": 20260228,
    "alpha": 0.05
  },
  "means": {
    "fixed_128": {
      "accuracy": 0.334375,
      "avg_tokens": 158.384375
    },
    "fixed_256": {
      "accuracy": 0.4625,
      "avg_tokens": 286.3953125
    },
    "fixed_512": {
      "accuracy": 0.4859375,
      "avg_tokens": 542.490625
    },
    "adaptive": {
      "accuracy": 0.503125,
      "avg_tokens": 542.3515625
    }
  },
  "paired_delta": {
    "fixed256_minus_fixed512": {
      "accuracy_mean": -0.0234375,
      "accuracy_ci95": [
        -0.078125,
        0.03125
      ],
      "avg_tokens_mean": -256.0953125,
      "avg_tokens_ci95": [
        -256.734375,
        -255.45
      ]
    },
    "adaptive_minus_fixed256": {
      "accuracy_mean": 0.040625,
      "accuracy_ci95": [
        -0.015625,
        0.09375
      ],
      "avg_tokens_mean": 255.95625,
      "avg_tokens_ci95": [
        255.3359375,
        256.578125
      ]
    }
  }
}