{
  "meta": {
    "timestamp_utc": "20260228_152909",
    "input_csvs": [
      "methods/01_adathink/results/per_sample_Qwen3.5_27B_20260227_150649.csv",
      "methods/01_adathink/results/per_sample_Qwen3.5_27B_20260227_152431.csv",
      "methods/01_adathink/results/per_sample_Qwen3.5_27B_20260227_154356.csv",
      "methods/01_adathink/results/per_sample_Qwen3.5_27B_20260227_192225.csv",
      "methods/01_adathink/results/per_sample_Qwen3.5_27B_20260228_050913.csv",
      "methods/01_adathink/results/per_sample_Qwen3.5_27B_20260228_052641.csv",
      "methods/01_adathink/results/per_sample_Qwen3.5_27B_20260228_055128.csv",
      "methods/01_adathink/results/per_sample_Qwen3.5_27B_20260228_060842.csv",
      "methods/01_adathink/results/per_sample_Qwen3.5_27B_20260228_065843.csv",
      "methods/01_adathink/results/per_sample_Qwen3.5_27B_20260228_071554.csv",
      "methods/01_adathink/results/per_sample_Qwen3.5_27B_20260228_081708.csv",
      "methods/01_adathink/results/per_sample_Qwen3.5_27B_20260228_083415.csv",
      "methods/01_adathink/results/per_sample_Qwen3.5_27B_20260228_100413.csv",
      "methods/01_adathink/results/per_sample_Qwen3.5_27B_20260228_102125.csv",
      "methods/01_adathink/results/per_sample_Qwen3.5_27B_20260228_104506.csv",
      "methods/01_adathink/results/per_sample_Qwen3.5_27B_20260228_112037.csv",
      "methods/01_adathink/results/per_sample_Qwen3.5_27B_20260228_114200.csv",
      "methods/01_adathink/results/per_sample_Qwen3.5_27B_20260228_122430.csv",
      "methods/01_adathink/results/per_sample_Qwen3.5_27B_20260228_125252.csv",
      "methods/01_adathink/results/per_sample_Qwen3.5_27B_20260228_135728.csv",
      "methods/01_adathink/results/per_sample_Qwen3.5_27B_20260228_141822.csv",
      "methods/01_adathink/results/per_sample_Qwen3.5_27B_20260228_150620.csv",
      "methods/01_adathink/results/per_sample_Qwen3.5_27B_20260228_152825.csv"
    ],
    "n_samples": 920,
    "n_bootstrap": 10000,
    "bootstrap_seed": 20260228,
    "alpha": 0.05
  },
  "means": {
    "fixed_128": {
      "accuracy": 0.33695652173913043,
      "avg_tokens": 158.24891304347827
    },
    "fixed_256": {
      "accuracy": 0.46195652173913043,
      "avg_tokens": 286.295652173913
    },
    "fixed_512": {
      "accuracy": 0.48695652173913045,
      "avg_tokens": 542.6543478260869
    },
    "adaptive": {
      "accuracy": 0.5076086956521739,
      "avg_tokens": 542.5402173913044
    }
  },
  "paired_delta": {
    "fixed256_minus_fixed512": {
      "accuracy_mean": -0.025,
      "accuracy_ci95": [
        -0.07065217391304347,
        0.020652173913043477
      ],
      "avg_tokens_mean": -256.35869565217394,
      "avg_tokens_ci95": [
        -256.870652173913,
        -255.85326086956522
      ]
    },
    "adaptive_minus_fixed256": {
      "accuracy_mean": 0.04565217391304348,
      "accuracy_ci95": [
        0.0,
        0.09130434782608696
      ],
      "avg_tokens_mean": 256.2445652173913,
      "avg_tokens_ci95": [
        255.74239130434782,
        256.7641304347826
      ]
    }
  }
}