{
  "meta": {
    "model": "Qwen/Qwen3-8B",
    "benchmark": "bbh",
    "n_samples": 6511,
    "sc_k": 4,
    "sc_budget": 256,
    "greedy_budget": 1024,
    "temperature": 0.7,
    "seed": 42,
    "data_seed": 202,
    "timestamp": "20260320_183740"
  },
  "greedy": {
    "accuracy": 0.330056826908309,
    "avg_tokens": 906.8955613577024,
    "total_time_s": 986.6122515201569
  },
  "sc": {
    "accuracy": 0.08616187989556136,
    "avg_total_tokens": 1023.7395177392106,
    "total_time_s": 817.7824015617371
  },
  "delta": {
    "accuracy": -0.24389494701274766,
    "tokens": 116.84395638150818
  }
}