{
  "meta": {
    "timestamp_utc": "20260228_120510",
    "rows_csv": "methods/01_adathink/results/template_controller_rows_lam0p15_20260228_17seed.csv",
    "compare_budget": 256,
    "lambda_cost": 0.15,
    "norm_tokens": 512.0,
    "n_bootstrap": 10000,
    "bootstrap_seed": 20260228,
    "n_samples": 680
  },
  "learned_mean": {
    "accuracy": 0.5632352941176471,
    "avg_tokens": 269.34558823529414,
    "avg_utility": 0.4843254538143382
  },
  "fixed_mean": {
    "accuracy": 0.46911764705882353,
    "avg_tokens": 286.4264705882353,
    "avg_utility": 0.38520364200367646
  },
  "paired_delta_learned_minus_fixed": {
    "accuracy": {
      "mean": 0.09411764705882353,
      "ci95": [
        0.07205882352941176,
        0.1161764705882353
      ]
    },
    "avg_tokens": {
      "mean": -17.080882352941178,
      "ci95": [
        -23.805882352941175,
        -10.139705882352942
      ]
    },
    "avg_utility": {
      "mean": 0.09912181181066176,
      "ci95": [
        0.07804960363051489,
        0.12066535500919093
      ]
    }
  }
}