{
  "meta": {
    "timestamp_utc": "20260228_152916",
    "rows_csv": "methods/01_adathink/results/template_controller_rows_lam0p15_20260228_23seed.csv",
    "compare_budget": 256,
    "lambda_cost": 0.15,
    "norm_tokens": 512.0,
    "n_bootstrap": 10000,
    "bootstrap_seed": 20260228,
    "n_samples": 920
  },
  "learned_mean": {
    "accuracy": 0.6043478260869565,
    "avg_tokens": 269.49347826086955,
    "avg_utility": 0.5253946586277174
  },
  "fixed_mean": {
    "accuracy": 0.46195652173913043,
    "avg_tokens": 286.295652173913,
    "avg_utility": 0.37808084239130435
  },
  "paired_delta_learned_minus_fixed": {
    "accuracy": {
      "mean": 0.1423913043478261,
      "ci95": [
        0.11956521739130435,
        0.16521739130434782
      ]
    },
    "avg_tokens": {
      "mean": -16.80217391304348,
      "ci95": [
        -23.370652173913044,
        -10.193478260869565
      ]
    },
    "avg_utility": {
      "mean": 0.14731381623641304,
      "ci95": [
        0.12519478175951018,
        0.169996390964673
      ]
    }
  }
}