{
  "gsm8k_27b": {
    "n": 920,
    "budgets": [
      128,
      256,
      512
    ],
    "ctrl": {
      "acc": 0.6043478260869565,
      "tok_e2e": 380.0967391304348,
      "util": 0.492991359544837
    },
    "fixed_mid": {
      "b": 256,
      "acc": 0.46195652173913043,
      "tok": 286.295652173913,
      "util": 0.37808084239130446
    },
    "fixed_max": {
      "b": 512,
      "acc": 0.48695652173913045,
      "util": 0.32797575577445653
    },
    "vs_mid": {
      "delta_acc": {
        "mean": 0.1423913043478261,
        "lo": 0.11956521739130435,
        "hi": 0.16630434782608697,
        "pp": 14.23913043478261
      },
      "delta_tok": {
        "mean": 93.80108695652174,
        "lo": 83.28782608695653,
        "hi": 104.7549456521739
      },
      "delta_util": {
        "mean": 0.11491051715353261,
        "lo": 0.0926540182362432,
        "hi": 0.1378104964546535,
        "pp": 11.49105171535326
      }
    },
    "vs_max": {
      "delta_acc": {
        "mean": 0.11739130434782609,
        "pp": 11.73913043478261
      },
      "delta_util": {
        "mean": 0.16501560377038046,
        "pp": 16.501560377038047
      }
    }
  },
  "math500_27b": {
    "n": 680,
    "budgets": [
      2048,
      4096,
      8192
    ],
    "ctrl": {
      "acc": 0.49117647058823527,
      "tok_e2e": 6102.558823529412,
      "util": 0.37943528119255515
    },
    "fixed_mid": {
      "b": 4096,
      "acc": 0.37058823529411766,
      "tok": 3570.3617647058823,
      "util": 0.3052129588407629
    },
    "fixed_max": {
      "b": 8192,
      "acc": 0.5411764705882353,
      "util": 0.43174456428079044
    },
    "vs_mid": {
      "delta_acc": {
        "mean": 0.12058823529411765,
        "lo": 0.08676470588235294,
        "hi": 0.15294117647058825,
        "pp": 12.058823529411764
      },
      "delta_tok": {
        "mean": 2532.1970588235295,
        "lo": 2303.3236029411764,
        "hi": 2764.4509926470587
      },
      "delta_util": {
        "mean": 0.07422232235179227,
        "lo": 0.04090704614975873,
        "hi": 0.10604528337366438,
        "pp": 7.4222322351792265
      }
    },
    "vs_max": {
      "delta_acc": {
        "mean": -0.05,
        "pp": -5.0
      },
      "delta_util": {
        "mean": -0.052309283088235306,
        "pp": -5.230928308823531
      }
    }
  },
  "bbh_27b": {
    "n": 680,
    "budgets": [
      1024,
      2048,
      4096
    ],
    "ctrl": {
      "acc": 0.5955882352941176,
      "tok_e2e": 2526.475,
      "util": 0.5030659574620864
    },
    "fixed_mid": {
      "b": 2048,
      "acc": 0.4823529411764706,
      "tok": 1624.110294117647,
      "util": 0.4228762458352482
    },
    "fixed_max": {
      "b": 4096,
      "acc": 0.6,
      "util": 0.5180040785845588
    },
    "vs_mid": {
      "delta_acc": {
        "mean": 0.11323529411764706,
        "lo": 0.08676470588235294,
        "hi": 0.13823529411764707,
        "pp": 11.323529411764707
      },
      "delta_tok": {
        "mean": 902.364705882353,
        "lo": 808.6213970588235,
        "hi": 994.7914705882351
      },
      "delta_util": {
        "mean": 0.08018971162683822,
        "lo": 0.05542574041029985,
        "hi": 0.10461369548124423,
        "pp": 8.018971162683822
      }
    },
    "vs_max": {
      "delta_acc": {
        "mean": -0.004411764705882353,
        "pp": -0.4411764705882353
      },
      "delta_util": {
        "mean": -0.014938121122472423,
        "pp": -1.4938121122472423
      }
    }
  },
  "math500_8b": {
    "n": 360,
    "budgets": [
      512,
      1024,
      2048
    ],
    "ctrl": {
      "acc": 0.375,
      "tok_e2e": 1822.975,
      "util": 0.24148132324218752
    },
    "fixed_mid": {
      "b": 1024,
      "acc": 0.08611111111111111,
      "tok": 1030.0027777777777,
      "util": 0.010671454535590291
    },
    "fixed_max": {
      "b": 2048,
      "acc": 0.4361111111111111,
      "util": 0.2916718207465278
    },
    "vs_mid": {
      "delta_acc": {
        "mean": 0.28888888888888886,
        "lo": 0.24166666666666667,
        "hi": 0.3388888888888889,
        "pp": 28.888888888888886
      },
      "delta_tok": {
        "mean": 792.9722222222222,
        "lo": 698.5065277777778,
        "hi": 885.7745833333333
      },
      "delta_util": {
        "mean": 0.23080986870659723,
        "lo": 0.1869626719156901,
        "hi": 0.2770977800157335,
        "pp": 23.08098687065972
      }
    },
    "vs_max": {
      "delta_acc": {
        "mean": -0.06111111111111111,
        "pp": -6.111111111111111
      },
      "delta_util": {
        "mean": -0.050190497504340285,
        "pp": -5.019049750434029
      }
    }
  },
  "bbh_8b": {
    "n": 280,
    "budgets": [
      256,
      512,
      1024
    ],
    "ctrl": {
      "acc": 0.29285714285714287,
      "tok_e2e": 763.8821428571429,
      "util": 0.18096034458705357
    },
    "fixed_mid": {
      "b": 512,
      "acc": 0.17142857142857143,
      "tok": 477.9535714285714,
      "util": 0.10141584123883929
    },
    "fixed_max": {
      "b": 1024,
      "acc": 0.325,
      "util": 0.21175711495535715
    },
    "vs_mid": {
      "delta_acc": {
        "mean": 0.12142857142857143,
        "lo": 0.075,
        "hi": 0.16785714285714284,
        "pp": 12.142857142857142
      },
      "delta_tok": {
        "mean": 285.92857142857144,
        "lo": 240.89553571428573,
        "hi": 331.9435714285714
      },
      "delta_util": {
        "mean": 0.07954450334821428,
        "lo": 0.0355746111188616,
        "hi": 0.12410929652622765,
        "pp": 7.954450334821428
      }
    },
    "vs_max": {
      "delta_acc": {
        "mean": -0.03214285714285714,
        "pp": -3.214285714285714
      },
      "delta_util": {
        "mean": -0.030796770368303576,
        "pp": -3.0796770368303577
      }
    }
  }
}