{
  "n_train": 400,
  "n_test": 100,
  "features": [
    "len_chars",
    "len_words",
    "n_digits",
    "n_latex_inline",
    "n_latex_block",
    "has_sum",
    "has_int",
    "has_sqrt",
    "has_frac",
    "has_matrix",
    "has_prob",
    "has_geom",
    "has_number_theory"
  ],
  "feature_mean": [
    90.25,
    16.3799991607666,
    4.099999904632568,
    3.322000026702881,
    0.14800000190734863,
    0.006000000052154064,
    0.0,
    0.07199999690055847,
    0.1599999964237213,
    0.05000000074505806,
    0.017999999225139618,
    0.10000000149011612,
    0.035999998450279236
  ],
  "feature_std": [
    19.025970458984375,
    5.077362537384033,
    3.6766841411590576,
    2.931608200073242,
    0.36619213223457336,
    0.07722795009613037,
    9.999999974752427e-07,
    0.25848913192749023,
    0.3666074275970459,
    0.21794602274894714,
    0.1329517960548401,
    0.30000054836273193,
    0.18629109859466553
  ],
  "W_br": [
    [
      -0.07533934655370293,
      -0.07533934655370293,
      -0.1734795484961964,
      0.32415824160360196
    ],
    [
      -0.020930948281494277,
      -0.020930948281494277,
      0.025394583302428404,
      0.01646731326056018
    ],
    [
      0.009149318709302221,
      0.009149318709302221,
      0.25283532679156256,
      -0.2711339642101678
    ],
    [
      0.006837228587350617,
      0.006837228587350617,
      -0.24401075038388195,
      0.23033629320918067
    ],
    [
      0.024059756244942495,
      0.024059756244942495,
      -0.365957008990308,
      0.317837496500423
    ],
    [
      0.010619169175749473,
      0.010619169175749473,
      0.02712102973232836,
      -0.04835936808382725
    ],
    [
      0.0,
      0.0,
      0.0,
      0.0
    ],
    [
      -0.0019333879357958815,
      -0.0019333879357958815,
      0.06467343102218082,
      -0.060806655150589056
    ],
    [
      -0.013984448199744504,
      -0.013984448199744504,
      0.0961664787165565,
      -0.06819758231706738
    ],
    [
      0.057639779468317,
      0.057639779468317,
      -0.10188194886598262,
      -0.013397610070651508
    ],
    [
      0.0033165925968869437,
      0.0033165925968869437,
      -0.015643861308164548,
      0.009010676114390626
    ],
    [
      0.1416993253730521,
      0.1416993253730521,
      -0.5683046306334656,
      0.28490597988736094
    ],
    [
      0.23073099650581122,
      0.23073099650581122,
      0.41081215867656223,
      -0.8722741516881848
    ]
  ],
  "W_ba": [
    [
      -0.03140182775143119,
      -0.03461126350917683,
      0.06601309126060795
    ],
    [
      -0.020691591611383262,
      0.024599126623566243,
      -0.003907535012182931
    ],
    [
      0.01701878090669025,
      0.23689479904555222,
      -0.25391357995224245
    ],
    [
      -0.003150449312576475,
      -0.21211476592052486,
      0.21526521523310127
    ],
    [
      0.008914225852476348,
      -0.28757566132174606,
      0.27866143546927
    ],
    [
      0.02478144951818381,
      -0.02014030365842774,
      -0.0046411458597560495
    ],
    [
      0.0,
      0.0,
      0.0
    ],
    [
      0.00042445848016965074,
      0.04212395494022335,
      -0.04254841342039304
    ],
    [
      -0.00682061355742148,
      0.11162532454808255,
      -0.10480471099066088
    ],
    [
      0.05347616966036387,
      -0.00076463817281081,
      -0.05271153148755307
    ],
    [
      0.004247020676782669,
      0.0009192021415129795,
      -0.0051662228182956325
    ],
    [
      0.051082774448959936,
      -0.19665434115123026,
      0.14557156670226967
    ],
    [
      0.11407218798224453,
      0.25679024360726865,
      -0.37086243158951254
    ]
  ],
  "test_br_acc": 0.65,
  "test_ba_acc": 0.59,
  "learned_savings_pct": 46.564670138888886,
  "oracle_savings_pct": 60.20789930555556,
  "learned_avg_tokens": 2462.3,
  "fixed_avg_tokens": 4608.0,
  "oracle_avg_tokens": 1833.62
}