{
  "m1_acc": 0.903,
  "m1_tokens": 169.8515652173913,
  "m2_acc": 0.847,
  "m2_tokens": 176.10256521739132,
  "lower": 0.847,
  "upper": 0.9200250189537528
}