{
  "n_samples": 200,
  "n_layers": 65,
  "labels": {
    "think_correct": 175,
    "nothink_correct": 196,
    "only_nothink": 22,
    "only_thinking": 1,
    "both_correct": 174,
    "neither": 3
  },
  "aucs_per_layer": [
    0.5561142857142857,
    0.46285714285714286,
    0.5197714285714286,
    0.4962285714285714,
    0.5211428571428571,
    0.6061714285714286,
    0.5776,
    0.5771428571428572,
    0.5915428571428571,
    0.5819428571428571,
    0.5860571428571428,
    0.5309714285714285,
    0.5796571428571429,
    0.5849142857142857,
    0.5792,
    0.56,
    0.5389714285714285,
    0.5414857142857142,
    0.5499428571428572,
    0.5526857142857143,
    0.5421714285714285,
    0.5085714285714286,
    0.5170285714285714,
    0.5460571428571429,
    0.5833142857142857,
    0.5942857142857143,
    0.5689142857142857,
    0.5702857142857143,
    0.5387428571428572,
    0.5366857142857143,
    0.5728,
    0.5782857142857143,
    0.5380571428571429,
    0.5314285714285715,
    0.5380571428571429,
    0.5296,
    0.5792,
    0.5810285714285714,
    0.6059428571428571,
    0.5933714285714285,
    0.5652571428571429,
    0.5522285714285714,
    0.5421714285714285,
    0.5353142857142857,
    0.5472,
    0.5142857142857142,
    0.5204571428571428,
    0.5152,
    0.5414857142857142,
    0.5574857142857143,
    0.5353142857142857,
    0.5387428571428572,
    0.5634285714285714,
    0.5366857142857143,
    0.5426285714285715,
    0.5323428571428571,
    0.5499428571428572,
    0.5030857142857142,
    0.5104,
    0.5056,
    0.5168,
    0.45234285714285716,
    0.5350857142857143,
    0.6274285714285714,
    0.4921142857142857
  ],
  "mid_max_auc": 0.5348571428571428,
  "mid_mean_auc": 0.5652571428571429,
  "null_scaffold_auc": 0.5090285714285714,
  "ctt_minus_null_gap": 0.025828571428571423,
  "peak_layer": 63,
  "peak_layer_frac": 0.984375,
  "peak_auc": 0.6274285714285714,
  "pass_auc_070": false,
  "pass_null_gap_010": false,
  "samples_head": [
    {
      "idx": 588,
      "gold": "52",
      "question_preview": "Jared is trying to increase his typing speed. He starts with",
      "n_correct": 1,
      "t_correct": 1,
      "n_tokens": 223,
      "t_tokens": 926
    },
    {
      "idx": 1214,
      "gold": "5",
      "question_preview": "Jordan has 2 children who wear diapers.  Each child requires",
      "n_correct": 1,
      "t_correct": 1,
      "n_tokens": 158,
      "t_tokens": 766
    },
    {
      "idx": 57,
      "gold": "83",
      "question_preview": "A wooden bridge can carry no more than 5000 pounds. A delive",
      "nothink_4096_correct": 1,
      "nothink_4096_tokens": 332,
      "thinking_4096_correct": 1,
      "thinking_4096_tokens": 1161,
      "n_correct": 1,
      "t_correct": 1,
      "n_tokens": 270,
      "t_tokens": 1065
    }
  ]
}