{
  "n_valid": 32,
  "n_think_wrong": 2,
  "n_discordant_nothink_wins": 1,
  "peak_layer_think_wrong": 34,
  "peak_layer_discordant": 22,
  "aucs_think_wrong_per_layer": [
    0.25,
    0.45,
    0.7,
    0.3,
    0.05,
    0.15,
    0.16666666666666666,
    0.2,
    0.25,
    0.2,
    0.15,
    0.13333333333333333,
    0.1,
    0.36666666666666664,
    0.25,
    0.3333333333333333,
    0.3,
    0.3333333333333333,
    0.5833333333333334,
    0.48333333333333334,
    0.43333333333333335,
    0.43333333333333335,
    0.48333333333333334,
    0.36666666666666664,
    0.36666666666666664,
    0.38333333333333336,
    0.48333333333333334,
    0.45,
    0.48333333333333334,
    0.5,
    0.5666666666666667,
    0.6833333333333333,
    0.6166666666666667,
    0.7666666666666667,
    0.95,
    0.7,
    0.6333333333333333,
    0.5666666666666667,
    0.6,
    0.7166666666666667,
    0.5666666666666667,
    0.36666666666666664,
    0.4,
    0.4,
    0.4166666666666667,
    0.38333333333333336,
    0.4,
    0.36666666666666664,
    0.36666666666666664,
    0.43333333333333335,
    0.4166666666666667,
    0.45,
    0.5,
    0.5833333333333334,
    0.6166666666666667,
    0.55,
    0.6,
    0.5,
    0.5666666666666667,
    0.4166666666666667,
    0.36666666666666664,
    0.38333333333333336,
    0.4666666666666667,
    0.43333333333333335,
    0.7666666666666667
  ],
  "aucs_discordant_per_layer": [
    0.3,
    0.5333333333333333,
    0.8666666666666667,
    0.43333333333333335,
    0.06666666666666667,
    0.2,
    0.13333333333333333,
    0.2,
    0.2,
    0.16666666666666666,
    0.16666666666666666,
    0.06666666666666667,
    0.16666666666666666,
    0.26666666666666666,
    0.2,
    0.13333333333333333,
    0.26666666666666666,
    0.3333333333333333,
    0.8666666666666667,
    0.9,
    0.8666666666666667,
    0.8666666666666667,
    0.9666666666666667,
    0.7,
    0.6666666666666666,
    0.7,
    0.9,
    0.9,
    0.9333333333333333,
    0.9333333333333333,
    0.9333333333333333,
    0.9666666666666667,
    0.9,
    0.9333333333333333,
    0.9666666666666667,
    0.8666666666666667,
    0.7666666666666667,
    0.6666666666666666,
    0.6666666666666666,
    0.6333333333333333,
    0.5333333333333333,
    0.4,
    0.3333333333333333,
    0.26666666666666666,
    0.3,
    0.2,
    0.16666666666666666,
    0.16666666666666666,
    0.16666666666666666,
    0.16666666666666666,
    0.1,
    0.13333333333333333,
    0.26666666666666666,
    0.43333333333333335,
    0.3333333333333333,
    0.36666666666666664,
    0.43333333333333335,
    0.36666666666666664,
    0.43333333333333335,
    0.3333333333333333,
    0.3,
    0.5,
    0.6,
    0.4,
    0.8666666666666667
  ],
  "mid_max_auc_think_wrong": 0.8833333333333333,
  "mid_mean_auc_think_wrong": 0.6666666666666666,
  "mid_max_auc_discordant": 0.9,
  "null_scaffold_auc": 0.45,
  "ctt_minus_null": 0.4333333333333333,
  "pass_auc_gate": true,
  "pass_null_control": true
}