{
  "method": "IRIS@4096 8B MATH-500",
  "seeds": {
    "42": {
      "n": 500,
      "acc": 0.744,
      "avg_tok": 2379.932,
      "wilson_95": [
        0.7039862648123214,
        0.7802929213445977
      ],
      "stages": {
        "1": 216,
        "3": 159,
        "2": 125
      }
    },
    "123": {
      "n": 200,
      "acc": 0.725,
      "avg_tok": 2433.29,
      "wilson_95": [
        0.6593153404748533,
        0.7822039568619024
      ],
      "stages": {
        "2": 57,
        "1": 81,
        "3": 62
      }
    },
    "456": {
      "n": 200,
      "acc": 0.755,
      "avg_tok": 2169.535,
      "wilson_95": [
        0.6909563161285153,
        0.809432220853141
      ],
      "stages": {
        "2": 47,
        "1": 100,
        "3": 53
      }
    }
  },
  "aggregate": {
    "mean_acc": 0.7413333333333333,
    "std_acc": 0.015176736583776294,
    "span_acc_pp": 3.0000000000000027,
    "mean_avg_tok": 2327.5856666666664,
    "std_avg_tok": 139.45170836649274
  }
}