{
  "method": "IRIS@4096 8B MATH-500",
  "seeds": {
    "42": {
      "n": 500,
      "acc": 0.744,
      "avg_tok": 2379.932,
      "stages": {
        "1": 216,
        "3": 159,
        "2": 125
      },
      "wilson_95": [
        0.7039862648123214,
        0.7802929213445977
      ]
    },
    "123": {
      "n": 200,
      "acc": 0.725,
      "avg_tok": 2433.29,
      "stages": {
        "2": 57,
        "1": 81,
        "3": 62
      },
      "wilson_95": [
        0.6593153404748533,
        0.7822039568619024
      ]
    }
  },
  "mean_acc": 0.7344999999999999,
  "span": 0.019000000000000017,
  "note": "seed=456 still running on Server B, will be added when done"
}