{
  "nothink_512": {
    "accuracy": 0.796057619408643,
    "avg_tokens": 261.4101592115239,
    "early_stop_rate": 0.9666413949962093,
    "n_samples": 1319,
    "elapsed_s": 58.85514044761658
  },
  "nothink_1024": {
    "accuracy": 0.8021228203184231,
    "avg_tokens": 263.17816527672477,
    "early_stop_rate": 0.9992418498862775,
    "n_samples": 1319,
    "elapsed_s": 57.90493106842041
  },
  "nothink_2048": {
    "accuracy": 0.8081880212282032,
    "avg_tokens": 267.05610310841547,
    "early_stop_rate": 0.9984836997725549,
    "n_samples": 1319,
    "elapsed_s": 70.04767918586731
  },
  "nothink_4096": {
    "accuracy": 0.8021228203184231,
    "avg_tokens": 265.5473843821077,
    "early_stop_rate": 0.9992418498862775,
    "n_samples": 1319,
    "elapsed_s": 85.73197746276855
  },
  "thinking_512": {
    "accuracy": 0.2304776345716452,
    "avg_tokens": 511.8749052312358,
    "early_stop_rate": 0.001516300227445034,
    "has_final_rate": 0.009097801364670205,
    "n_samples": 1319,
    "elapsed_s": 86.89781737327576
  },
  "thinking_1024": {
    "accuracy": 0.4184988627748294,
    "avg_tokens": 1008.2115238817286,
    "early_stop_rate": 0.06823351023502654,
    "has_final_rate": 0.21228203184230476,
    "n_samples": 1319,
    "elapsed_s": 204.84437918663025
  },
  "thinking_2048": {
    "accuracy": 0.7240333586050038,
    "avg_tokens": 1685.9188779378317,
    "early_stop_rate": 0.5390447308567097,
    "has_final_rate": 0.6520090978013646,
    "n_samples": 1319,
    "elapsed_s": 450.66833209991455
  },
  "thinking_4096": {
    "accuracy": 0.9021986353297953,
    "avg_tokens": 2151.742987111448,
    "early_stop_rate": 0.8756633813495072,
    "has_final_rate": 0.9059893858984079,
    "n_samples": 1319,
    "elapsed_s": 726.7560396194458
  },
  "town": {
    "accuracy": 0.4965883244882487,
    "avg_tokens": 490.2191053828658,
    "stage1_rate": 0.47384382107657314,
    "stage1_acc": 0.8736,
    "stage2_acc": 0.15706051873198848,
    "routed": 694,
    "n_samples": 1319,
    "elapsed_s": 89.80628633499146,
    "b1": 256,
    "b2": 512
  }
}