{
  "n": 200,
  "n_layers": 37,
  "labels": {
    "think_correct": 27,
    "nothink_correct": 172,
    "both": 27,
    "only_nothink": 145,
    "only_think": 0,
    "neither": 28
  },
  "aucs_per_layer": [
    0.4992506957824877,
    0.547634339541854,
    0.5983729394134019,
    0.5761078998073218,
    0.5529865125240848,
    0.5296510383215586,
    0.535645472061657,
    0.5880967672875187,
    0.6268464996788696,
    0.5900235495611218,
    0.5955898094626418,
    0.5172339970027832,
    0.45621922500535217,
    0.5454934703489617,
    0.5664739884393064,
    0.47163348319417686,
    0.46970670092057376,
    0.467137657889103,
    0.4630700064226076,
    0.4733461785484907,
    0.5050310426032969,
    0.5016056518946692,
    0.49775208734746307,
    0.5403553842860201,
    0.5917362449154356,
    0.5626204238921002,
    0.4611432241490045,
    0.5090986940697924,
    0.5457075572682509,
    0.5232284307428816,
    0.5011774780560908,
    0.5024619995718261,
    0.4660672232926568,
    0.483836437593663,
    0.5786769428387926,
    0.41789766645257975,
    0.553200599443374
  ],
  "peak_layer": 8,
  "peak_frac": 0.2222222222222222,
  "peak_auc": 0.6268464996788696,
  "mid_max_auc": 0.49860843502462,
  "null_auc": 0.4992506957824877,
  "gap": -0.0006422607578677186,
  "pass_auc_070": false,
  "pass_null_gap": false
}