{
  "meta": {
    "timestamp_utc": "20260303_115838",
    "rows_csv": "methods/01_adathink/results/param_controller_rows_qwen3_8b_think_gridC_20260303_lamtrain0p3_t256.csv",
    "compare_budget": 256,
    "lambda_cost": 0.15,
    "norm_tokens": 512.0,
    "n_bootstrap": 10000,
    "bootstrap_seed": 20260303,
    "n_samples": 120
  },
  "learned_mean": {
    "accuracy": 0.825,
    "avg_tokens": 472.0833333333333,
    "avg_utility": 0.6866943359375
  },
  "fixed_mean": {
    "accuracy": 0.6083333333333333,
    "avg_tokens": 272.05,
    "avg_utility": 0.5286311848958333
  },
  "paired_delta_learned_minus_fixed": {
    "accuracy": {
      "mean": 0.21666666666666667,
      "ci95": [
        0.13333333333333333,
        0.30833333333333335
      ]
    },
    "avg_tokens": {
      "mean": 200.03333333333333,
      "ci95": [
        186.225,
        212.625
      ]
    },
    "avg_utility": {
      "mean": 0.15806315104166666,
      "ci95": [
        0.0690234375,
        0.24807698567708356
      ]
    }
  }
}