{
  "meta": {
    "timestamp_utc": "20260228_163432",
    "rows_csv": "methods/01_adathink/results/param_controller_rows_lam0p15_20260228_23seed.csv",
    "compare_budget": 256,
    "lambda_cost": 0.15,
    "norm_tokens": 512.0,
    "n_bootstrap": 10000,
    "bootstrap_seed": 20260228,
    "n_samples": 920
  },
  "learned_mean": {
    "accuracy": 0.5717391304347826,
    "avg_tokens": 369.3336956521739,
    "avg_utility": 0.4635358992866848
  },
  "fixed_mean": {
    "accuracy": 0.46195652173913043,
    "avg_tokens": 286.295652173913,
    "avg_utility": 0.37808084239130435
  },
  "paired_delta_learned_minus_fixed": {
    "accuracy": {
      "mean": 0.10978260869565218,
      "ci95": [
        0.08586956521739131,
        0.13478260869565217
      ]
    },
    "avg_tokens": {
      "mean": 83.03804347826087,
      "ci95": [
        75.54565217391304,
        90.91739130434783
      ]
    },
    "avg_utility": {
      "mean": 0.08545505689538042,
      "ci95": [
        0.06193476137907583,
        0.10980033542798863
      ]
    }
  }
}