{
  "meta": {
    "timestamp_utc": "20260319_223322",
    "model": "Qwen/Qwen3-4B",
    "n_samples": 12,
    "seed": 42,
    "data_seed": 101,
    "world_size": 6,
    "distributed": true,
    "budgets": [
      64,
      128
    ],
    "adaptive_chunks": [
      64,
      64,
      128
    ],
    "adaptive_max_total": 256,
    "use_verifier": true,
    "prompt_format": "chat",
    "direct_answer": false,
    "enable_thinking": true,
    "strict_final_only": true,
    "projection_on_missing_final": true,
    "projection_max_tokens": 16
  },
  "fixed": {
    "64": {
      "accuracy": 0.3333333333333333,
      "avg_tokens": 76.08333333333333,
      "avg_latency_s": 2.6014567362435628,
      "final_rate": 0.0,
      "projection_rate": 1.0,
      "avg_projection_tokens": 12.083333333333334
    },
    "128": {
      "accuracy": 0.16666666666666666,
      "avg_tokens": 141.16666666666666,
      "avg_latency_s": 4.364557128419013,
      "final_rate": 0.0,
      "projection_rate": 1.0,
      "avg_projection_tokens": 13.166666666666666
    }
  },
  "adaptive": {
    "accuracy": 0.6666666666666666,
    "avg_tokens": 267.5,
    "avg_latency_s": 8.038955764917773,
    "avg_verifier_calls": 0.08333333333333333,
    "early_stop_rate": 0.0,
    "final_rate": 0.08333333333333333,
    "projection_rate": 0.9166666666666666,
    "avg_projection_tokens": 11.5
  },
  "overthinking": {
    "fixed_64_vs_fixed_128": 0.16666666666666666,
    "fixed_64_vs_adaptive": 0.0
  }
}