{
  "runs": [
    {
      "file": "per_sample_Qwen3.5_27B_20260322_130424.csv",
      "adaptive": 0.0,
      "fixed_64": 0.04,
      "fixed_128": 0.0,
      "fixed_256": 0.02,
      "samples": 50
    },
    {
      "file": "per_sample_Qwen3.5_27B_20260322_134132.csv",
      "adaptive": 0.08,
      "fixed_64": 0.06,
      "fixed_128": 0.04,
      "fixed_256": 0.08,
      "samples": 50
    },
    {
      "file": "per_sample_Qwen3.5_27B_20260322_141852.csv",
      "adaptive": 0.0,
      "fixed_64": 0.0,
      "fixed_128": 0.02,
      "fixed_256": 0.04,
      "samples": 50
    }
  ],
  "average": {
    "adaptive": 0.02666666666666667,
    "fixed_64": 0.03333333333333333,
    "fixed_128": 0.02,
    "fixed_256": 0.04666666666666667,
    "improvement_pp": -0.6666666666666664
  }
}