tag,train_lambda,target_budget,delta_acc,delta_tokens,delta_utility,learned_acc,learned_tokens,learned_utility,sig_json
qwen3_8b_think_lamtrain0p30_t256_gridB_20260303,0.30,256,0.15833333333333333,138.175,0.11785237630208334,0.7666666666666667,410.225,0.6464835611979166,methods/01_adathink/results/param_controller_significance_qwen3_8b_think_lamtrain0p30_t256_gridB_20260303_vs_fixed256_evalLam0p15.json
qwen3_8b_think_lamtrain0p40_t256_gridB_20260303,0.40,256,0.10833333333333334,110.175,0.07605550130208334,0.7166666666666667,382.225,0.6046866861979167,methods/01_adathink/results/param_controller_significance_qwen3_8b_think_lamtrain0p40_t256_gridB_20260303_vs_fixed256_evalLam0p15.json
qwen3_8b_think_lamtrain0p60_t256_gridB_20260303,0.60,256,-0.008333333333333333,13.85,-0.012390950520833329,0.6,285.9,0.516240234375,methods/01_adathink/results/param_controller_significance_qwen3_8b_think_lamtrain0p60_t256_gridB_20260303_vs_fixed256_evalLam0p15.json
qwen3_8b_think_lamtrain0p80_t256_gridB_20260303,0.80,256,-0.13333333333333333,-64.225,-0.11451741536458333,0.475,207.825,0.41411376953125,methods/01_adathink/results/param_controller_significance_qwen3_8b_think_lamtrain0p80_t256_gridB_20260303_vs_fixed256_evalLam0p15.json
qwen3_8b_think_lamtrain0p30_t128_gridB_20260303,0.30,128,0.21666666666666667,200.03333333333333,0.15806315104166666,0.825,472.0833333333333,0.6866943359375,methods/01_adathink/results/param_controller_significance_qwen3_8b_think_lamtrain0p30_t128_gridB_20260303_vs_fixed256_evalLam0p15.json
qwen3_8b_think_lamtrain0p40_t128_gridB_20260303,0.40,128,0.13333333333333333,125.51666666666667,0.09656087239583333,0.7416666666666667,397.56666666666666,0.6251920572916667,methods/01_adathink/results/param_controller_significance_qwen3_8b_think_lamtrain0p40_t128_gridB_20260303_vs_fixed256_evalLam0p15.json
qwen3_8b_think_lamtrain0p60_t128_gridB_20260303,0.60,128,0.058333333333333334,56.55,0.04176595052083334,0.6666666666666666,328.6,0.5703971354166666,methods/01_adathink/results/param_controller_significance_qwen3_8b_think_lamtrain0p60_t128_gridB_20260303_vs_fixed256_evalLam0p15.json
qwen3_8b_think_lamtrain0p80_t128_gridB_20260303,0.80,128,-0.10833333333333334,-48.63333333333333,-0.09408528645833332,0.5,223.41666666666666,0.4345458984375,methods/01_adathink/results/param_controller_significance_qwen3_8b_think_lamtrain0p80_t128_gridB_20260303_vs_fixed256_evalLam0p15.json
