{
  "meta": {
    "timestamp_utc": "20260228_150700",
    "rows_csv": "methods/01_adathink/results/template_controller_rows_lam0p15_20260228_22seed.csv",
    "compare_budget": 256,
    "lambda_cost": 0.15,
    "norm_tokens": 512.0,
    "n_bootstrap": 10000,
    "bootstrap_seed": 20260228,
    "n_samples": 880
  },
  "learned_mean": {
    "accuracy": 0.5977272727272728,
    "avg_tokens": 270.54318181818184,
    "avg_utility": 0.5184665749289773
  },
  "fixed_mean": {
    "accuracy": 0.4625,
    "avg_tokens": 286.2875,
    "avg_utility": 0.37862670898437506
  },
  "paired_delta_learned_minus_fixed": {
    "accuracy": {
      "mean": 0.13522727272727272,
      "ci95": [
        0.1125,
        0.15795454545454546
      ]
    },
    "avg_tokens": {
      "mean": -15.744318181818182,
      "ci95": [
        -22.28181818181818,
        -8.948863636363637
      ]
    },
    "avg_utility": {
      "mean": 0.13983986594460227,
      "ci95": [
        0.11784235174005608,
        0.16240467418323776
      ]
    }
  }
}