{
  "gsm8k_27b": {
    "n": 920,
    "ctrl": {
      "acc": 0.6043478260869565,
      "tok_e2e": 380.0967391304348,
      "util": 0.492991359544837
    },
    "fixed_mid": {
      "acc": 0.46195652173913043,
      "tok": 286.295652173913,
      "util": 0.37808084239130446
    },
    "delta_acc": {
      "mean": 0.1423913043478261,
      "lo": 0.11956521739130435,
      "hi": 0.16630434782608697
    },
    "delta_tok": {
      "mean": 93.80108695652174,
      "lo": 83.28782608695653,
      "hi": 104.7549456521739
    },
    "delta_util": {
      "mean": 0.11491051715353261,
      "lo": 0.0926540182362432,
      "hi": 0.1378104964546535
    }
  },
  "math500_27b": {
    "n": 680,
    "ctrl": {
      "acc": 0.27647058823529413,
      "tok_e2e": 2452.920588235294,
      "util": 0.23155627082375915
    },
    "fixed_mid": {
      "acc": 0.37058823529411766,
      "tok": 3570.3617647058823,
      "util": 0.3052129588407629
    },
    "delta_acc": {
      "mean": -0.09411764705882353,
      "lo": -0.125,
      "hi": -0.06470588235294118
    },
    "delta_tok": {
      "mean": -1117.4411764705883,
      "lo": -1238.2648529411765,
      "hi": -992.8410661764707
    },
    "delta_util": {
      "mean": -0.07365668801700366,
      "lo": -0.10359840482823987,
      "hi": -0.045039663427016326
    }
  },
  "bbh_27b": {
    "n": 680,
    "ctrl": {
      "acc": 0.49264705882352944,
      "tok_e2e": 2011.3661764705882,
      "util": 0.4189886295094209
    },
    "fixed_mid": {
      "acc": 0.4823529411764706,
      "tok": 1624.110294117647,
      "util": 0.4228762458352482
    },
    "delta_acc": {
      "mean": 0.010294117647058823,
      "lo": -0.010294117647058823,
      "hi": 0.030882352941176472
    },
    "delta_tok": {
      "mean": 387.25588235294117,
      "lo": 310.6414338235294,
      "hi": 464.59547794117645
    },
    "delta_util": {
      "mean": -0.0038876163258272094,
      "lo": -0.024003727632410387,
      "hi": 0.01599877525778377
    }
  },
  "math500_8b": {
    "n": 360,
    "ctrl": {
      "acc": 0.375,
      "tok_e2e": 1463.5083333333334,
      "util": 0.3482023620605469
    },
    "fixed_mid": {
      "acc": 0.0,
      "tok": 0.0,
      "util": 0.0
    },
    "delta_acc": {
      "mean": 0.375,
      "lo": 0.325,
      "hi": 0.425
    },
    "delta_tok": {
      "mean": 1463.5083333333334,
      "lo": 1392.6726388888887,
      "hi": 1533.406736111111
    },
    "delta_util": {
      "mean": 0.3482023620605469,
      "lo": 0.2987519620259603,
      "hi": 0.3982936897277832
    }
  },
  "bbh_8b": {
    "n": 280,
    "ctrl": {
      "acc": 0.29285714285714287,
      "tok_e2e": 763.8821428571429,
      "util": 0.18096034458705357
    },
    "fixed_mid": {
      "acc": 0.17142857142857143,
      "tok": 477.9535714285714,
      "util": 0.10141584123883929
    },
    "delta_acc": {
      "mean": 0.12142857142857143,
      "lo": 0.075,
      "hi": 0.16785714285714284
    },
    "delta_tok": {
      "mean": 285.92857142857144,
      "lo": 240.89553571428573,
      "hi": 331.9435714285714
    },
    "delta_util": {
      "mean": 0.07954450334821428,
      "lo": 0.0355746111188616,
      "hi": 0.12410929652622765
    }
  }
}