penalty,delta_acc,delta_tokens,delta_utility,learned_acc,learned_tokens,learned_utility,sig_json
0.2,0.075,54.125,0.05914306640625001,0.6833333333333333,326.175,0.5877742513020833,methods/01_adathink/results/value_controller_qwen3_8b_think_pen0p2_significance_vs_fixed256_20260303.json
0.4,0.075,54.125,0.05914306640625001,0.6833333333333333,326.175,0.5877742513020833,methods/01_adathink/results/value_controller_qwen3_8b_think_pen0p4_significance_vs_fixed256_20260303.json
0.6,0.008333333333333333,11.033333333333333,0.005100911458333343,0.6166666666666667,283.0833333333333,0.5337320963541666,methods/01_adathink/results/value_controller_qwen3_8b_think_pen0p6_significance_vs_fixed256_20260303.json
0.8,0.008333333333333333,11.033333333333333,0.005100911458333343,0.6166666666666667,283.0833333333333,0.5337320963541666,methods/01_adathink/results/value_controller_qwen3_8b_think_pen0p8_significance_vs_fixed256_20260303.json
1.2,0.008333333333333333,11.033333333333333,0.005100911458333343,0.6166666666666667,283.0833333333333,0.5337320963541666,methods/01_adathink/results/value_controller_qwen3_8b_think_pen1p2_significance_vs_fixed256_20260303.json
