{
  "meta": {
    "timestamp_utc": "20260303_120319",
    "rows_csv": "methods/01_adathink/results/value_controller_rows_qwen3_8b_think_pen0_20260303.csv",
    "compare_budget": 256,
    "lambda_cost": 0.15,
    "norm_tokens": 512.0,
    "n_bootstrap": 10000,
    "bootstrap_seed": 20260228,
    "n_samples": 120
  },
  "learned_mean": {
    "accuracy": 0.6833333333333333,
    "avg_tokens": 326.175,
    "avg_utility": 0.5877742513020833
  },
  "fixed_mean": {
    "accuracy": 0.6083333333333333,
    "avg_tokens": 272.05,
    "avg_utility": 0.5286311848958333
  },
  "paired_delta_learned_minus_fixed": {
    "accuracy": {
      "mean": 0.075,
      "ci95": [
        0.0,
        0.15
      ]
    },
    "avg_tokens": {
      "mean": 54.125,
      "ci95": [
        29.625,
        78.59166666666667
      ]
    },
    "avg_utility": {
      "mean": 0.05914306640625001,
      "ci95": [
        -0.012187499999999985,
        0.13247314453124998
      ]
    }
  }
}