penalty,delta_acc,delta_tokens,delta_utility,learned_acc,learned_tokens,learned_utility,sig_json
0.45,0.008333333333333333,11.033333333333333,0.005100911458333343,0.6166666666666667,283.0833333333333,0.5337320963541666,methods/01_adathink/results/value_controller_qwen3_8b_think_pen0p45_significance_vs_fixed256_20260303.json
0.50,0.008333333333333333,11.033333333333333,0.005100911458333343,0.6166666666666667,283.0833333333333,0.5337320963541666,methods/01_adathink/results/value_controller_qwen3_8b_think_pen0p50_significance_vs_fixed256_20260303.json
0.55,0.008333333333333333,11.033333333333333,0.005100911458333343,0.6166666666666667,283.0833333333333,0.5337320963541666,methods/01_adathink/results/value_controller_qwen3_8b_think_pen0p55_significance_vs_fixed256_20260303.json
