penalty,delta_acc,delta_tokens,delta_utility,ci_acc_lo,ci_acc_hi,ci_utility_lo,ci_utility_hi
0.0,0.1357142857142857,86.67142857142858,0.11032226562500001,0.09285714285714286,0.18214285714285713,0.06841831752232147,0.15408377511160712
0.2,0.09285714285714286,42.15357142857143,0.08050746372767859,0.05357142857142857,0.1357142857142857,0.0416141183035714,0.12046072823660722
0.4,0.08571428571428572,38.46071428571429,0.07444649832589285,0.04642857142857143,0.12857142857142856,0.036811872209821406,0.11343819754464284
0.6,0.06428571428571428,24.635714285714286,0.05706821986607143,0.025,0.10357142857142858,0.019384068080357118,0.09514020647321438
0.8,0.04642857142857143,11.742857142857142,0.04298828125000001,0.007142857142857143,0.08571428571428572,0.006138741629464294,0.07935791015625
1.0,0.04285714285714286,14.403571428571428,0.03863734654017857,0.007142857142857143,0.07857142857142857,0.004415806361607157,0.07354282924107146
1.2,0.04285714285714286,16.010714285714286,0.03816650390625,0.007142857142857143,0.08214285714285714,0.0027284458705357155,0.07473353794642859
