{
  "meta": {
    "timestamp_utc": "20260303_150426",
    "rows_csv": "methods/01_adathink/results/value_controller_rows_qwen3_8b_think_7seed_pen1p2_20260303_7seed.csv",
    "compare_budget": 256,
    "lambda_cost": 0.15,
    "norm_tokens": 512.0,
    "n_bootstrap": 10000,
    "bootstrap_seed": 20260228,
    "n_samples": 280
  },
  "learned_mean": {
    "accuracy": 0.6607142857142857,
    "avg_tokens": 287.48571428571427,
    "avg_utility": 0.5764899553571429
  },
  "fixed_mean": {
    "accuracy": 0.6178571428571429,
    "avg_tokens": 271.475,
    "avg_utility": 0.5383234514508929
  },
  "paired_delta_learned_minus_fixed": {
    "accuracy": {
      "mean": 0.04285714285714286,
      "ci95": [
        0.007142857142857143,
        0.08214285714285714
      ]
    },
    "avg_tokens": {
      "mean": 16.010714285714286,
      "ci95": [
        2.8964285714285714,
        29.692857142857143
      ]
    },
    "avg_utility": {
      "mean": 0.03816650390625,
      "ci95": [
        0.0027284458705357155,
        0.07473353794642859
      ]
    }
  }
}